"id","prev_serial","serial_number","date","tyre_code","description","qty"
"992","32505042","032025-05042","2025-03-19","102241","5.00 - 8 (3.00) ACHIEVER (WIDE) BLACK STD","0"
"993","32505043","032025-05043","2025-03-19","119042","6.50 - 10 (5.00) ATIRE RUNNER SOLID BLACK CLIP","0"
"994","32505044","032025-05044","2025-03-19","119043","6.50 - 10 (5.00) ATIRE RUNNER SOLID NM STD","0"
"995","32505045","032025-05045","2025-03-19","119043","6.50 - 10 (5.00) ATIRE RUNNER SOLID NM STD","0"
"996","32505046","032025-05046","2025-03-19","125042","7.00 - 12 (5.00) ATIRE RUNNER SOLID BLACK CLIP","0"
"997","32505047","032025-05047","2025-03-19","125042","7.00 - 12 (5.00) ATIRE RUNNER SOLID BLACK CLIP","0"
"998","32505048","032025-05048","2025-03-19","125041","7.00 - 12 (5.00) ATIRE RUNNER SOLID BLACK STD","0"
"999","32505049","032025-05049","2025-03-19","111041","6.00 - 9 (4.00) ATIRE RUNNER SOLID BLACK STD","0"
"1000","32505050","032025-05050","2025-03-19","111041","6.00 - 9 (4.00) ATIRE RUNNER SOLID BLACK STD","0"
"1001","32505051","032025-05051","2025-03-19","178044","355/50 - 15 (9.75) ATIRE RUNNER SOLID NM CLIP","0"
"1002","32505052","032025-05052","2025-03-19","715072","18 x 7 x 12 1/8 ATIRE RUNNER BAND BLACK TR","0"
"1003","32505053","032025-05053","2025-03-19","716072","18 x 8 x 12 1/8 ATIRE RUNNER BAND BLACK TR","0"
"1004","32505054","032025-05054","2025-03-19","720072","21 x 8 x 15 ATIRE RUNNER BAND BLACK TR","0"
"1005","32505055","032025-05055","2025-03-19","704074","14 x 4 1/2 x 8 ATIRE RUNNER BAND NM TR","0"
"1006","32505056","032025-05056","2025-03-19","710074","16 x 5 x 10 1/2 ATIRE RUNNER BAND NM TR","0"
"1007","32505057","032025-05057","2025-03-19","711074","16 x 6 x 10 1/2 ATIRE RUNNER BAND NM TR","0"
"1008","32505058","032025-05058","2025-03-19","155051","12.00 - 20 (8.00) ATIRE ROCK SOLID BLACK STD","0"
"1009","32505059","032025-05059","2025-03-19","103043","16 x 6 - 8 (4.33) ATIRE RUNNER SOLID NM STD","0"
"1010","32505060","032025-05060","2025-03-19","103043","16 x 6 - 8 (4.33) ATIRE RUNNER SOLID NM STD","0"
"1011","32505061","032025-05061","2025-03-19","104043","18 x 7 - 8 (4.33) ATIRE RUNNER SOLID NM STD","0"
"1012","32505062","032025-05062","2025-03-19","104044","18 x 7 - 8 (4.33) ATIRE RUNNER SOLID NM CLIP","0"
"1013","32505063","032025-05063","2025-03-19","104044","18 x 7 - 8 (4.33) ATIRE RUNNER SOLID NM CLIP","0"
"1014","32505064","032025-05064","2025-03-19","140051","355/65 - 15 (9.75) ATIRE ROCK SOLID BLACK STD","0"
"1015","32505065","032025-05065","2025-03-19","170051","14.00 - 24 (10.00) ATIRE ROCK SOLID BLACK STD","0"
"1016","32505066","032025-05066","2025-03-19","139162","300-15 (8.00) ACHIEVER PLUS (WIDE) BLACK CLIP","0"
"1017","32505067","032025-05067","2025-03-19","705071","14 x 5 x 10 ATIRE RUNNER BAND BLACK SM","0"
"1018","32505068","032025-05068","2025-03-19","133042","250 -15 (7.00) ATIRE RUNNER SOLID BLACK CLIP","0"
"1019","32505069","032025-05069","2025-03-19","135053","8.15 - 15 (28 x 9 - 15) (7.00) ATIRE ROCK SOLID NM STD","0"
"1020","32505070","032025-05070","2025-03-19","135053","8.15 - 15 (28 x 9 - 15) (7.00) ATIRE ROCK SOLID NM STD","0"
"1021","32505071","032025-05071","2025-03-19","101044","15 x 4.5 - 8 (3.00) ATIRE RUNNER SOLID NM CLIP","0"
"1022","32505072","032025-05072","2025-03-19","101041","15 x 4.5 - 8 (3.00) ATIRE RUNNER SOLID BLACK STD","0"
"1023","32505073","032025-05073","2025-03-19","101041","15 x 4.5 - 8 (3.00) ATIRE RUNNER SOLID BLACK STD","0"
"1024","32505074","032025-05074","2025-03-19","110012","140/55 x 9 (4.00) ACHIEVER PLUS BLACK CLIP","0"
"1025","32505075","032025-05075","2025-03-19","102241","5.00 - 8 (3.00) ACHIEVER (WIDE) BLACK STD","0"
"1026","32505076","032025-05076","2025-03-19","102241","5.00 - 8 (3.00) ACHIEVER (WIDE) BLACK STD","0"
"1027","32505077","032025-05077","2025-03-19","712073","16 x 7 x 10 1/2 ATIRE RUNNER BAND NM SM","0"
"1028","32505078","032025-05078","2025-03-19","720071","21 x 8 x 15 ATIRE RUNNER BAND BLACK SM","0"
"1029","32505079","032025-05079","2025-03-19","141002","7.00 - 15 (5.50) ACHIEVER BLACK CLIP","0"
"1030","32505080","032025-05080","2025-03-19","111041","6.00 - 9 (4.00) ATIRE RUNNER SOLID BLACK STD","0"
"1031","32505081","032025-05081","2025-03-19","111041","6.00 - 9 (4.00) ATIRE RUNNER SOLID BLACK STD","0"
"1032","32505082","032025-05082","2025-03-19","104011","18 x 7 - 8 (4.33) ACHIEVER PLUS BLACK STD","0"
"1033","32505083","032025-05083","2025-03-19","715072","18 x 7 x 12 1/8 ATIRE RUNNER BAND BLACK TR","0"
"1034","32505084","032025-05084","2025-03-19","716072","18 x 8 x 12 1/8 ATIRE RUNNER BAND BLACK TR","0"
"1035","32505085","032025-05085","2025-03-19","720072","21 x 8 x 15 ATIRE RUNNER BAND BLACK TR","0"
"1036","32505086","032025-05086","2025-03-19","704074","14 x 4 1/2 x 8 ATIRE RUNNER BAND NM TR","0"
"1037","32505087","032025-05087","2025-03-19","710074","16 x 5 x 10 1/2 ATIRE RUNNER BAND NM TR","0"
"1038","32505088","032025-05088","2025-03-19","711074","16 x 6 x 10 1/2 ATIRE RUNNER BAND NM TR","0"
"1039","32505089","032025-05089","2025-03-19","119042","6.50 - 10 (5.00) ATIRE RUNNER SOLID BLACK CLIP","0"
"1040","32505090","032025-05090","2025-03-19","119043","6.50 - 10 (5.00) ATIRE RUNNER SOLID NM STD","0"
"1041","32505091","032025-05091","2025-03-19","119043","6.50 - 10 (5.00) ATIRE RUNNER SOLID NM STD","0"
"1042","32505092","032025-05092","2025-03-19","125042","7.00 - 12 (5.00) ATIRE RUNNER SOLID BLACK CLIP","0"
"1043","32505093","032025-05093","2025-03-19","125042","7.00 - 12 (5.00) ATIRE RUNNER SOLID BLACK CLIP","0"
"1044","32505094","032025-05094","2025-03-19","125041","7.00 - 12 (5.00) ATIRE RUNNER SOLID BLACK STD","0"
"1045","32505095","032025-05095","2025-03-19","103043","16 x 6 - 8 (4.33) ATIRE RUNNER SOLID NM STD","0"
"1046","32505096","032025-05096","2025-03-19","103043","16 x 6 - 8 (4.33) ATIRE RUNNER SOLID NM STD","0"
"1047","32505097","032025-05097","2025-03-19","104043","18 x 7 - 8 (4.33) ATIRE RUNNER SOLID NM STD","0"
"1048","32505098","032025-05098","2025-03-19","104044","18 x 7 - 8 (4.33) ATIRE RUNNER SOLID NM CLIP","0"
"1049","32505099","032025-05099","2025-03-19","104044","18 x 7 - 8 (4.33) ATIRE RUNNER SOLID NM CLIP","0"
"1050","32505100","032025-05100","2025-03-19","135041","28 x 9 -15 (7.00) ATIRE RUNNER SOLID BLACK STD","0"
"1051","32505101","032025-05101","2025-03-19","110012","140/55 x 9 (4.00) ACHIEVER PLUS BLACK CLIP","0"
"1052","32505102","032025-05102","2025-03-19","102241","5.00 - 8 (3.00) ACHIEVER (WIDE) BLACK STD","0"
"1053","32505103","032025-05103","2025-03-19","102241","5.00 - 8 (3.00) ACHIEVER (WIDE) BLACK STD","0"
"1054","32505104","032025-05104","2025-03-19","712073","16 x 7 x 10 1/2 ATIRE RUNNER BAND NM SM","0"
"1055","32505105","032025-05105","2025-03-19","720071","21 x 8 x 15 ATIRE RUNNER BAND BLACK SM","0"
"1056","32505106","032025-05106","2025-03-19","101044","15 x 4.5 - 8 (3.00) ATIRE RUNNER SOLID NM CLIP","0"
"1057","32505107","032025-05107","2025-03-19","101041","15 x 4.5 - 8 (3.00) ATIRE RUNNER SOLID BLACK STD","0"
"1058","32505108","032025-05108","2025-03-19","101041","15 x 4.5 - 8 (3.00) ATIRE RUNNER SOLID BLACK STD","0"
"1059","32505109","032025-05109","2025-03-19","111041","6.00 - 9 (4.00) ATIRE RUNNER SOLID BLACK STD","0"
"1060","32505110","032025-05110","2025-03-19","111041","6.00 - 9 (4.00) ATIRE RUNNER SOLID BLACK STD","0"
"1061","32505111","032025-05111","2025-03-19","178044","355/50 - 15 (9.75) ATIRE RUNNER SOLID NM CLIP","0"
"1062","32505112","032025-05112","2025-03-19","738073","28 x 12 x 22 ATIRE RUNNER BAND NM SM","0"
"1063","32505113","032025-05113","2025-03-19","715072","18 x 7 x 12 1/8 ATIRE RUNNER BAND BLACK TR","0"
"1064","32505114","032025-05114","2025-03-19","716072","18 x 8 x 12 1/8 ATIRE RUNNER BAND BLACK TR","0"
"1065","32505115","032025-05115","2025-03-19","720072","21 x 8 x 15 ATIRE RUNNER BAND BLACK TR","0"
"1066","32505116","032025-05116","2025-03-19","704074","14 x 4 1/2 x 8 ATIRE RUNNER BAND NM TR","0"
"1067","32505117","032025-05117","2025-03-19","710074","16 x 5 x 10 1/2 ATIRE RUNNER BAND NM TR","0"
"1068","32505118","032025-05118","2025-03-19","711074","16 x 6 x 10 1/2 ATIRE RUNNER BAND NM TR","0"
"1069","32505119","032025-05119","2025-03-19","135053","8.15 - 15 (28 x 9 - 15) (7.00) ATIRE ROCK SOLID NM STD","0"
"1070","32505120","032025-05120","2025-03-19","135053","8.15 - 15 (28 x 9 - 15) (7.00) ATIRE ROCK SOLID NM STD","0"
"1071","32505121","032025-05121","2025-03-19","133042","250 -15 (7.00) ATIRE RUNNER SOLID BLACK CLIP","0"
"1072","32505122","032025-05122","2025-03-19","126041","23 x 10 - 12 (8.00) ATIRE RUNNER SOLID BLACK STD","0"
"1073","32505123","032025-05123","2025-03-19","110012","140/55 x 9 (4.00) ACHIEVER PLUS BLACK CLIP","0"
"1074","32505124","032025-05124","2025-03-19","102241","5.00 - 8 (3.00) ACHIEVER (WIDE) BLACK STD","0"
"1075","32505125","032025-05125","2025-03-19","102241","5.00 - 8 (3.00) ACHIEVER (WIDE) BLACK STD","0"
"1076","32505126","032025-05126","2025-03-19","112162","21 x 8 - 9 (6.00) ACHIEVER PLUS (WIDE) BLACK CLIP","0"
"1077","32505127","032025-05127","2025-03-19","118012","200/50 - 10 (6.50) ACHIEVER PLUS BLACK CLIP","0"
"1078","32505128","032025-05128","2025-03-19","118012","200/50 - 10 (6.50) ACHIEVER PLUS BLACK CLIP","0"
"1079","32505129","032025-05129","2025-03-19","155051","12.00 - 20 (8.00) ATIRE ROCK SOLID BLACK STD","0"
"1080","32505130","032025-05130","2025-03-19","138161","8.25 - 15 (6.50) ACHIEVER PLUS (WIDE) BLACK STD","0"
"1081","32505131","032025-05131","2025-03-19","139162","300-15 (8.00) ACHIEVER PLUS (WIDE) BLACK CLIP","0"
"1082","32505132","032025-05132","2025-03-19","140051","355/65 - 15 (9.75) ATIRE ROCK SOLID BLACK STD","0"
"1083","32505133","032025-05133","2025-03-19","712073","16 x 7 x 10 1/2 ATIRE RUNNER BAND NM SM","0"
"1084","32505134","032025-05134","2025-03-19","720071","21 x 8 x 15 ATIRE RUNNER BAND BLACK SM","0"
"1085","32505135","032025-05135","2025-03-19","103043","16 x 6 - 8 (4.33) ATIRE RUNNER SOLID NM STD","0"
"1086","32505136","032025-05136","2025-03-19","103043","16 x 6 - 8 (4.33) ATIRE RUNNER SOLID NM STD","0"
"1087","32505137","032025-05137","2025-03-19","104043","18 x 7 - 8 (4.33) ATIRE RUNNER SOLID NM STD","0"
"1088","32505138","032025-05138","2025-03-19","104044","18 x 7 - 8 (4.33) ATIRE RUNNER SOLID NM CLIP","0"
"1089","32505139","032025-05139","2025-03-19","104044","18 x 7 - 8 (4.33) ATIRE RUNNER SOLID NM CLIP","0"
"1090","32505140","032025-05140","2025-03-19","125042","7.00 - 12 (5.00) ATIRE RUNNER SOLID BLACK CLIP","0"
"1091","32505141","032025-05141","2025-03-19","125042","7.00 - 12 (5.00) ATIRE RUNNER SOLID BLACK CLIP","0"
"1092","32505142","032025-05142","2025-03-19","125041","7.00 - 12 (5.00) ATIRE RUNNER SOLID BLACK STD","0"
"1093","32505143","032025-05143","2025-03-19","111041","6.00 - 9 (4.00) ATIRE RUNNER SOLID BLACK STD","0"
"1094","32505144","032025-05144","2025-03-19","111041","6.00 - 9 (4.00) ATIRE RUNNER SOLID BLACK STD","0"
"1095","32505145","032025-05145","2025-03-19","119042","6.50 - 10 (5.00) ATIRE RUNNER SOLID BLACK CLIP","0"
"1096","32505146","032025-05146","2025-03-19","119043","6.50 - 10 (5.00) ATIRE RUNNER SOLID NM STD","0"
"1097","32505147","032025-05147","2025-03-19","119043","6.50 - 10 (5.00) ATIRE RUNNER SOLID NM STD","0"
"1098","32505148","032025-05148","2025-03-19","135041","28 x 9 -15 (7.00) ATIRE RUNNER SOLID BLACK STD","0"
"1099","32505149","032025-05149","2025-03-19","101042","15 x 4.5 - 8 (3.00) ATIRE RUNNER SOLID BLACK CLIP","0"
"1100","32505150","032025-05150","2025-03-19","101041","15 x 4.5 - 8 (3.00) ATIRE RUNNER SOLID BLACK STD","0"
"1101","32505151","032025-05151","2025-03-19","101041","15 x 4.5 - 8 (3.00) ATIRE RUNNER SOLID BLACK STD","0"
"1102","32505152","032025-05152","2025-03-19","110012","140/55 x 9 (4.00) ACHIEVER PLUS BLACK CLIP","0"
"1103","32505153","032025-05153","2025-03-19","102241","5.00 - 8 (3.00) ACHIEVER (WIDE) BLACK STD","0"
"1104","32505154","032025-05154","2025-03-19","102241","5.00 - 8 (3.00) ACHIEVER (WIDE) BLACK STD","0"
"1105","32505155","032025-05155","2025-03-19","715072","18 x 7 x 12 1/8 ATIRE RUNNER BAND BLACK TR","0"
"1106","32505156","032025-05156","2025-03-19","716072","18 x 8 x 12 1/8 ATIRE RUNNER BAND BLACK TR","0"
"1107","32505157","032025-05157","2025-03-19","720072","21 x 8 x 15 ATIRE RUNNER BAND BLACK TR","0"
"1108","32505158","032025-05158","2025-03-19","704074","14 x 4 1/2 x 8 ATIRE RUNNER BAND NM TR","0"
"1109","32505159","032025-05159","2025-03-19","710074","16 x 5 x 10 1/2 ATIRE RUNNER BAND NM TR","0"
"1110","32505160","032025-05160","2025-03-19","711074","16 x 6 x 10 1/2 ATIRE RUNNER BAND NM TR","0"
"1111","32505161","032025-05161","2025-03-19","712073","16 x 7 x 10 1/2 ATIRE RUNNER BAND NM SM","0"
"1112","32505162","032025-05162","2025-03-19","720071","21 x 8 x 15 ATIRE RUNNER BAND BLACK SM","0"
"1113","32505163","032025-05163","2025-03-19","738073","28 x 12 x 22 ATIRE RUNNER BAND NM SM","0"
"1114","32505164","032025-05164","2025-03-19","178044","355/50 - 15 (9.75) ATIRE RUNNER SOLID NM CLIP","0"
"1115","32505165","032025-05165","2025-03-19","126041","23 x 10 - 12 (8.00) ATIRE RUNNER SOLID BLACK STD","0"
"1116","32505166","032025-05166","2025-03-19","135053","8.15 - 15 (28 x 9 - 15) (7.00) ATIRE ROCK SOLID NM STD","0"
"1117","32505167","032025-05167","2025-03-19","135053","8.15 - 15 (28 x 9 - 15) (7.00) ATIRE ROCK SOLID NM STD","0"
"1118","32505168","032025-05168","2025-03-19","101042","15 x 4.5 - 8 (3.00) ATIRE RUNNER SOLID BLACK CLIP","0"
"1119","32505169","032025-05169","2025-03-19","170051","14.00 - 24 (10.00) ATIRE ROCK SOLID BLACK STD","0"
"1120","32505170","032025-05170","2025-03-19","112164","21 x 8 - 9 (6.00) ACHIEVER PLUS (WIDE) NM CLIP","0"
"1121","32505171","032025-05171","2025-03-19","118014","200/50 - 10 (6.50) ACHIEVER PLUS NM CLIP","0"
"1122","32505172","032025-05172","2025-03-19","118014","200/50 - 10 (6.50) ACHIEVER PLUS NM CLIP","0"
"1123","32505173","032025-05173","2025-03-19","103043","16 x 6 - 8 (4.33) ATIRE RUNNER SOLID NM STD","0"
"1124","32505174","032025-05174","2025-03-19","103041","16 x 6 - 8 (4.33) ATIRE RUNNER SOLID BLACK STD","0"
"1125","32505175","032025-05175","2025-03-19","104041","18 x 7 - 8 (4.33) ATIRE RUNNER SOLID BLACK STD","0"
"1126","32505176","032025-05176","2025-03-19","104044","18 x 7 - 8 (4.33) ATIRE RUNNER SOLID NM CLIP","0"
"1127","32505177","032025-05177","2025-03-19","104044","18 x 7 - 8 (4.33) ATIRE RUNNER SOLID NM CLIP","0"
"1128","32505178","032025-05178","2025-03-19","110012","140/55 x 9 (4.00) ACHIEVER PLUS BLACK CLIP","0"
"1129","32505179","032025-05179","2025-03-19","102241","5.00 - 8 (3.00) ACHIEVER (WIDE) BLACK STD","0"
"1130","32505180","032025-05180","2025-03-19","102241","5.00 - 8 (3.00) ACHIEVER (WIDE) BLACK STD","0"
"1131","32505181","032025-05181","2025-03-19","125042","7.00 - 12 (5.00) ATIRE RUNNER SOLID BLACK CLIP","0"
"1132","32505182","032025-05182","2025-03-19","125042","7.00 - 12 (5.00) ATIRE RUNNER SOLID BLACK CLIP","0"
"1133","32505183","032025-05183","2025-03-19","125041","7.00 - 12 (5.00) ATIRE RUNNER SOLID BLACK STD","0"
"1134","32505184","032025-05184","2025-03-19","119042","6.50 - 10 (5.00) ATIRE RUNNER SOLID BLACK CLIP","0"
"1135","32505185","032025-05185","2025-03-19","119043","6.50 - 10 (5.00) ATIRE RUNNER SOLID NM STD","0"
"1136","32505186","032025-05186","2025-03-19","119043","6.50 - 10 (5.00) ATIRE RUNNER SOLID NM STD","0"
"1137","32505187","032025-05187","2025-03-19","704074","14 x 4 1/2 x 8 ATIRE RUNNER BAND NM TR","0"
"1138","32505188","032025-05188","2025-03-19","710074","16 x 5 x 10 1/2 ATIRE RUNNER BAND NM TR","0"
"1139","32505189","032025-05189","2025-03-19","711074","16 x 6 x 10 1/2 ATIRE RUNNER BAND NM TR","0"
"1140","32505190","032025-05190","2025-03-19","715072","18 x 7 x 12 1/8 ATIRE RUNNER BAND BLACK TR","0"
"1141","32505191","032025-05191","2025-03-19","716072","18 x 8 x 12 1/8 ATIRE RUNNER BAND BLACK TR","0"
"1142","32505192","032025-05192","2025-03-19","720072","21 x 8 x 15 ATIRE RUNNER BAND BLACK TR","0"
"1143","32505193","032025-05193","2025-03-19","101042","15 x 4.5 - 8 (3.00) ATIRE RUNNER SOLID BLACK CLIP","0"
"1144","32505194","032025-05194","2025-03-19","712073","16 x 7 x 10 1/2 ATIRE RUNNER BAND NM SM","0"
"1145","32505195","032025-05195","2025-03-19","720071","21 x 8 x 15 ATIRE RUNNER BAND BLACK SM","0"
"1146","32505196","032025-05196","2025-03-19","141002","7.00 - 15 (5.50) ACHIEVER BLACK CLIP","0"
"1147","32505197","032025-05197","2025-03-19","110012","140/55 x 9 (4.00) ACHIEVER PLUS BLACK CLIP","0"
"1148","32505198","032025-05198","2025-03-19","102241","5.00 - 8 (3.00) ACHIEVER (WIDE) BLACK STD","0"
"1149","32505199","032025-05199","2025-03-19","102241","5.00 - 8 (3.00) ACHIEVER (WIDE) BLACK STD","0"
"1150","32505200","032025-05200","2025-03-19","704074","14 x 4 1/2 x 8 ATIRE RUNNER BAND NM TR","0"
"1151","32505201","032025-05201","2025-03-19","710074","16 x 5 x 10 1/2 ATIRE RUNNER BAND NM TR","0"
"1152","32505202","032025-05202","2025-03-19","711074","16 x 6 x 10 1/2 ATIRE RUNNER BAND NM TR","0"
"1153","32505203","032025-05203","2025-03-19","715072","18 x 7 x 12 1/8 ATIRE RUNNER BAND BLACK TR","0"
"1154","32505204","032025-05204","2025-03-19","716072","18 x 8 x 12 1/8 ATIRE RUNNER BAND BLACK TR","0"
"1155","32505205","032025-05205","2025-03-19","720072","21 x 8 x 15 ATIRE RUNNER BAND BLACK TR","0"
"1156","32505206","032025-05206","2025-03-19","104044","18 x 7 - 8 (4.33) ATIRE RUNNER SOLID NM CLIP","0"
"1157","32505207","032025-05207","2025-03-19","103041","16 x 6 - 8 (4.33) ATIRE RUNNER SOLID BLACK STD","0"
"1158","32505208","032025-05208","2025-03-19","104041","18 x 7 - 8 (4.33) ATIRE RUNNER SOLID BLACK STD","0"
"1159","32505209","032025-05209","2025-03-19","104044","18 x 7 - 8 (4.33) ATIRE RUNNER SOLID NM CLIP","0"
"1160","32505210","032025-05210","2025-03-19","103041","16 x 6 - 8 (4.33) ATIRE RUNNER SOLID BLACK STD","0"
"1161","32505211","032025-05211","2025-03-19","126041","23 x 10 - 12 (8.00) ATIRE RUNNER SOLID BLACK STD","0"
"1162","32505212","032025-05212","2025-03-19","155051","12.00 - 20 (8.00) ATIRE ROCK SOLID BLACK STD","0"
"1163","32505213","032025-05213","2025-03-19","140051","355/65 - 15 (9.75) ATIRE ROCK SOLID BLACK STD","0"
"1164","32505214","032025-05214","2025-03-19","135053","8.15 - 15 (28 x 9 - 15) (7.00) ATIRE ROCK SOLID NM STD","0"
"1165","32505215","032025-05215","2025-03-19","135053","8.15 - 15 (28 x 9 - 15) (7.00) ATIRE ROCK SOLID NM STD","0"
"1166","32505216","032025-05216","2025-03-19","112164","21 x 8 - 9 (6.00) ACHIEVER PLUS (WIDE) NM CLIP","0"
"1167","32505217","032025-05217","2025-03-19","118014","200/50 - 10 (6.50) ACHIEVER PLUS NM CLIP","0"
"1168","32505218","032025-05218","2025-03-19","118014","200/50 - 10 (6.50) ACHIEVER PLUS NM CLIP","0"
"1169","32505219","032025-05219","2025-03-19","119042","6.50 - 10 (5.00) ATIRE RUNNER SOLID BLACK CLIP","0"
"1170","32505220","032025-05220","2025-03-19","119043","6.50 - 10 (5.00) ATIRE RUNNER SOLID NM STD","0"
"1171","32505221","032025-05221","2025-03-19","119043","6.50 - 10 (5.00) ATIRE RUNNER SOLID NM STD","0"
"1172","32505222","032025-05222","2025-03-19","125042","7.00 - 12 (5.00) ATIRE RUNNER SOLID BLACK CLIP","0"
"1173","32505223","032025-05223","2025-03-19","125042","7.00 - 12 (5.00) ATIRE RUNNER SOLID BLACK CLIP","0"
"1174","32505224","032025-05224","2025-03-19","125041","7.00 - 12 (5.00) ATIRE RUNNER SOLID BLACK STD","0"
"1175","32505225","032025-05225","2025-03-19","101042","15 x 4.5 - 8 (3.00) ATIRE RUNNER SOLID BLACK CLIP","0"
"1176","32505226","032025-05226","2025-03-19","712073","16 x 7 x 10 1/2 ATIRE RUNNER BAND NM SM","0"
"1177","32505227","032025-05227","2025-03-19","720071","21 x 8 x 15 ATIRE RUNNER BAND BLACK SM","0"
"1178","32505228","032025-05228","2025-03-19","110012","140/55 x 9 (4.00) ACHIEVER PLUS BLACK CLIP","0"
"1179","32505229","032025-05229","2025-03-19","102241","5.00 - 8 (3.00) ACHIEVER (WIDE) BLACK STD","0"
"1180","32505230","032025-05230","2025-03-19","102241","5.00 - 8 (3.00) ACHIEVER (WIDE) BLACK STD","0"
"1181","32505231","032025-05231","2025-03-19","178044","355/50 - 15 (9.75) ATIRE RUNNER SOLID NM CLIP","0"
"1182","32505232","032025-05232","2025-03-19","704074","14 x 4 1/2 x 8 ATIRE RUNNER BAND NM TR","0"
"1183","32505233","032025-05233","2025-03-19","710074","16 x 5 x 10 1/2 ATIRE RUNNER BAND NM TR","0"
"1184","32505234","032025-05234","2025-03-19","711074","16 x 6 x 10 1/2 ATIRE RUNNER BAND NM TR","0"
"1185","32505235","032025-05235","2025-03-19","715072","18 x 7 x 12 1/8 ATIRE RUNNER BAND BLACK TR","0"
"1186","32505236","032025-05236","2025-03-19","716074","18 x 8 x 12 1/8 ATIRE RUNNER BAND NM TR","0"
"1187","32505237","032025-05237","2025-03-19","720072","21 x 8 x 15 ATIRE RUNNER BAND BLACK TR","0"
"1188","32505238","032025-05238","2025-03-19","103041","16 x 6 - 8 (4.33) ATIRE RUNNER SOLID BLACK STD","0"
"1189","32505239","032025-05239","2025-03-19","103041","16 x 6 - 8 (4.33) ATIRE RUNNER SOLID BLACK STD","0"
"1190","32505240","032025-05240","2025-03-19","104041","18 x 7 - 8 (4.33) ATIRE RUNNER SOLID BLACK STD","0"
"1191","32505241","032025-05241","2025-03-19","104044","18 x 7 - 8 (4.33) ATIRE RUNNER SOLID NM CLIP","0"
"1192","32505242","032025-05242","2025-03-19","104044","18 x 7 - 8 (4.33) ATIRE RUNNER SOLID NM CLIP","0"
"1193","32505243","032025-05243","2025-03-19","101042","15 x 4.5 - 8 (3.00) ATIRE RUNNER SOLID BLACK CLIP","0"
"1194","32505244","032025-05244","2025-03-19","110012","140/55 x 9 (4.00) ACHIEVER PLUS BLACK CLIP","0"
"1195","32505245","032025-05245","2025-03-19","102241","5.00 - 8 (3.00) ACHIEVER (WIDE) BLACK STD","0"
"1196","32505246","032025-05246","2025-03-19","102241","5.00 - 8 (3.00) ACHIEVER (WIDE) BLACK STD","0"
"1197","32505247","032025-05247","2025-03-19","126041","23 x 10 - 12 (8.00) ATIRE RUNNER SOLID BLACK STD","0"
"1198","32505248","032025-05248","2025-03-19","712073","16 x 7 x 10 1/2 ATIRE RUNNER BAND NM SM","0"
"1199","32505249","032025-05249","2025-03-19","720071","21 x 8 x 15 ATIRE RUNNER BAND BLACK SM","0"
"1200","32505250","032025-05250","2025-03-19","125042","7.00 - 12 (5.00) ATIRE RUNNER SOLID BLACK CLIP","0"
"1201","32505251","032025-05251","2025-03-19","125042","7.00 - 12 (5.00) ATIRE RUNNER SOLID BLACK CLIP","0"
"1202","32505252","032025-05252","2025-03-19","125041","7.00 - 12 (5.00) ATIRE RUNNER SOLID BLACK STD","0"
"1203","32505253","032025-05253","2025-03-19","119042","6.50 - 10 (5.00) ATIRE RUNNER SOLID BLACK CLIP","0"
"1204","32505254","032025-05254","2025-03-19","119043","6.50 - 10 (5.00) ATIRE RUNNER SOLID NM STD","0"
"1205","32505255","032025-05255","2025-03-19","119043","6.50 - 10 (5.00) ATIRE RUNNER SOLID NM STD","0"
"1206","32505256","032025-05256","2025-03-19","704074","14 x 4 1/2 x 8 ATIRE RUNNER BAND NM TR","0"
"1207","32505257","032025-05257","2025-03-19","710074","16 x 5 x 10 1/2 ATIRE RUNNER BAND NM TR","0"
"1208","32505258","032025-05258","2025-03-19","711074","16 x 6 x 10 1/2 ATIRE RUNNER BAND NM TR","0"
"1209","32505259","032025-05259","2025-03-19","170051","14.00 - 24 (10.00) ATIRE ROCK SOLID BLACK STD","0"
"1210","32505260","032025-05260","2025-03-19","112164","21 x 8 - 9 (6.00) ACHIEVER PLUS (WIDE) NM CLIP","0"
"1211","32505261","032025-05261","2025-03-19","118014","200/50 - 10 (6.50) ACHIEVER PLUS NM CLIP","0"
"1212","32505262","032025-05262","2025-03-19","118014","200/50 - 10 (6.50) ACHIEVER PLUS NM CLIP","0"
"1213","32505263","032025-05263","2025-03-19","135053","8.15 - 15 (28 x 9 - 15) (7.00) ATIRE ROCK SOLID NM STD","0"
"1214","32505264","032025-05264","2025-03-19","135053","8.15 - 15 (28 x 9 - 15) (7.00) ATIRE ROCK SOLID NM STD","0"
"1215","32505265","032025-05265","2025-03-19","715072","18 x 7 x 12 1/8 ATIRE RUNNER BAND BLACK TR","0"
"1216","32505266","032025-05266","2025-03-19","716074","18 x 8 x 12 1/8 ATIRE RUNNER BAND NM TR","0"
"1217","32505267","032025-05267","2025-03-19","720072","21 x 8 x 15 ATIRE RUNNER BAND BLACK TR","0"
"1218","32505268","032025-05268","2025-03-19","103041","16 x 6 - 8 (4.33) ATIRE RUNNER SOLID BLACK STD","0"
"1219","32505269","032025-05269","2025-03-19","103041","16 x 6 - 8 (4.33) ATIRE RUNNER SOLID BLACK STD","0"
"1220","32505270","032025-05270","2025-03-19","104041","18 x 7 - 8 (4.33) ATIRE RUNNER SOLID BLACK STD","0"
"1221","32505271","032025-05271","2025-03-19","104044","18 x 7 - 8 (4.33) ATIRE RUNNER SOLID NM CLIP","0"
"1222","32505272","032025-05272","2025-03-19","104044","18 x 7 - 8 (4.33) ATIRE RUNNER SOLID NM CLIP","0"
"1223","32505273","032025-05273","2025-03-19","110012","140/55 x 9 (4.00) ACHIEVER PLUS BLACK CLIP","0"
"1224","32505274","032025-05274","2025-03-19","102241","5.00 - 8 (3.00) ACHIEVER (WIDE) BLACK STD","0"
"1225","32505275","032025-05275","2025-03-19","102241","5.00 - 8 (3.00) ACHIEVER (WIDE) BLACK STD","0"
"1226","32505276","032025-05276","2025-03-19","101042","15 x 4.5 - 8 (3.00) ATIRE RUNNER SOLID BLACK CLIP","0"
"1227","32505277","002032-505277","2025-03-20","712073","16 x 7 x 10 1/2 ATIRE RUNNER BAND NM SM","0"
"1228","32505278","002032-505278","2025-03-20","720071","21 x 8 x 15 ATIRE RUNNER BAND BLACK SM","0"
"1229","32505279","002032-505279","2025-03-20","704074","14 x 4 1/2 x 8 ATIRE RUNNER BAND NM TR","0"
"1230","32505280","002032-505280","2025-03-20","710074","16 x 5 x 10 1/2 ATIRE RUNNER BAND NM TR","0"
"1231","32505281","002032-505281","2025-03-20","711074","16 x 6 x 10 1/2 ATIRE RUNNER BAND NM TR","0"
"1232","32505282","002032-505282","2025-03-20","140051","355/65 - 15 (9.75) ATIRE ROCK SOLID  BLACK STD","0"
"1233","32505283","002032-505283","2025-03-20","155051","12.00 - 20 (8.00) ATIRE ROCK SOLID  BLACK STD","0"
"1234","32505284","002032-505284","2025-03-20","110012","140/55 x 9 (4.00)  ACHIEVER PLUS BLACK CLIP","0"
"1235","32505285","002032-505285","2025-03-20","102241","5.00 - 8 (3.00) ACHIEVER  (WIDE) BLACK STD","0"
"1236","32505286","002032-505286","2025-03-20","102241","5.00 - 8 (3.00) ACHIEVER  (WIDE) BLACK STD","0"
"1237","32505287","002032-505287","2025-03-20","715072","18 x 7 x 12 1/8 ATIRE RUNNER BAND BLACK TR","0"
"1238","32505288","002032-505288","2025-03-20","716074","18 x 8 x 12 1/8 ATIRE RUNNER BAND NM TR","0"
"1239","32505289","002032-505289","2025-03-20","720072","21 x 8 x 15 ATIRE RUNNER BAND BLACK TR","0"
"1240","32505290","002032-505290","2025-03-20","119042","6.50 - 10 (5.00) ATIRE RUNNER SOLID  BLACK CLIP","0"
"1241","32505291","002032-505291","2025-03-20","119043","6.50 - 10 (5.00) ATIRE RUNNER SOLID  NM STD","0"
"1242","32505292","002032-505292","2025-03-20","119043","6.50 - 10 (5.00) ATIRE RUNNER SOLID  NM STD","0"
"1243","32505293","002032-505293","2025-03-20","126041","23 x 10 - 12 (8.00) ATIRE RUNNER SOLID  BLACK STD","0"
"1244","32505294","002032-505294","2025-03-20","125042","7.00 - 12 (5.00) ATIRE RUNNER SOLID  BLACK CLIP","0"
"1245","32505295","002032-505295","2025-03-20","125042","7.00 - 12 (5.00) ATIRE RUNNER SOLID  BLACK CLIP","0"
"1246","32505296","002032-505296","2025-03-20","125041","7.00 - 12 (5.00) ATIRE RUNNER SOLID  BLACK STD","0"
"1247","32505297","002032-505297","2025-03-20","178044","355/50 - 15 (9.75) ATIRE RUNNER SOLID NM CLIP","0"
"1248","32505298","002032-505298","2025-03-20","118012","200/50 - 10 (6.50)  ACHIEVER PLUS BLACK CLIP","0"
"1249","32505299","002032-505299","2025-03-20","118012","200/50 - 10 (6.50)  ACHIEVER PLUS BLACK CLIP","0"
"1250","32505300","002032-505300","2025-03-20","112164","21 x 8 - 9 (6.00)  ACHIEVER PLUS (WIDE) NM CLIP","0"
"1251","32505301","002032-505301","2025-03-20","135053","8.15 - 15 (28 x 9 - 15) (7.00) ATIRE ROCK SOLID  NM STD","0"
"1252","32505302","002032-505302","2025-03-20","135053","8.15 - 15 (28 x 9 - 15) (7.00) ATIRE ROCK SOLID  NM STD","0"
"1253","32505303","002032-505303","2025-03-20","712073","16 x 7 x 10 1/2 ATIRE RUNNER BAND NM SM","0"
"1254","32505304","002032-505304","2025-03-20","720071","21 x 8 x 15 ATIRE RUNNER BAND BLACK SM","0"
"1255","32505305","002032-505305","2025-03-20","104041","18 x 7 - 8 (4.33) ATIRE RUNNER SOLID  BLACK STD","0"
"1256","32505306","002032-505306","2025-03-20","104044","18 x 7 - 8 (4.33) ATIRE RUNNER SOLID  NM CLIP","0"
"1257","32505307","002032-505307","2025-03-20","104044","18 x 7 - 8 (4.33) ATIRE RUNNER SOLID  NM CLIP","0"
"1258","32505308","002032-505308","2025-03-20","110012","140/55 x 9 (4.00)  ACHIEVER PLUS BLACK CLIP","0"
"1259","32505309","002032-505309","2025-03-20","102241","5.00 - 8 (3.00) ACHIEVER  (WIDE) BLACK STD","0"
"1260","32505310","002032-505310","2025-03-20","102241","5.00 - 8 (3.00) ACHIEVER  (WIDE) BLACK STD","0"
"1261","32505311","002032-505311","2025-03-20","710074","16 x 5 x 10 1/2 ATIRE RUNNER BAND NM TR","0"
"1262","32505312","002032-505312","2025-03-20","711074","16 x 6 x 10 1/2 ATIRE RUNNER BAND NM TR","0"
"1263","32505313","002032-505313","2025-03-20","715072","18 x 7 x 12 1/8 ATIRE RUNNER BAND BLACK TR","0"
"1264","32505314","002032-505314","2025-03-20","716074","18 x 8 x 12 1/8 ATIRE RUNNER BAND NM TR","0"
"1265","32505315","002032-505315","2025-03-20","720072","21 x 8 x 15 ATIRE RUNNER BAND BLACK TR","0"
"1266","32505316","002032-505316","2025-03-20","119042","6.50 - 10 (5.00) ATIRE RUNNER SOLID  BLACK CLIP","0"
"1267","32505317","002032-505317","2025-03-20","119043","6.50 - 10 (5.00) ATIRE RUNNER SOLID  NM STD","0"
"1268","32505318","002032-505318","2025-03-20","119043","6.50 - 10 (5.00) ATIRE RUNNER SOLID  NM STD","0"
"1269","32505319","002032-505319","2025-03-20","126041","23 x 10 - 12 (8.00) ATIRE RUNNER SOLID  BLACK STD","0"
"1270","32505320","002032-505320","2025-03-20","125042","7.00 - 12 (5.00) ATIRE RUNNER SOLID  BLACK CLIP","0"
"1271","32505321","002032-505321","2025-03-20","125042","7.00 - 12 (5.00) ATIRE RUNNER SOLID  BLACK CLIP","0"
"1272","32505322","002032-505322","2025-03-20","125041","7.00 - 12 (5.00) ATIRE RUNNER SOLID  BLACK STD","0"
"1273","32505323","002032-505323","2025-03-20","112162","21 x 8 - 9 (6.00)  ACHIEVER PLUS (WIDE) BLACK CLIP","0"
"1274","32505324","002032-505324","2025-03-20","118012","200/50 - 10 (6.50)  ACHIEVER PLUS BLACK CLIP","0"
"1275","32505325","002032-505325","2025-03-20","118012","200/50 - 10 (6.50)  ACHIEVER PLUS BLACK CLIP","0"
"1276","32505326","002032-505326","2025-03-20","110012","140/55 x 9 (4.00)  ACHIEVER PLUS BLACK CLIP","0"
"1277","32505327","002032-505327","2025-03-20","102241","5.00 - 8 (3.00) ACHIEVER  (WIDE) BLACK STD","0"
"1278","32505328","002032-505328","2025-03-20","102241","5.00 - 8 (3.00) ACHIEVER  (WIDE) BLACK STD","0"
"1279","32505329","002032-505329","2025-03-20","712073","16 x 7 x 10 1/2 ATIRE RUNNER BAND NM SM","0"
"1280","32505330","002032-505330","2025-03-20","720071","21 x 8 x 15 ATIRE RUNNER BAND BLACK SM","0"
"1281","32505331","002032-505331","2025-03-20","720071","21 x 8 x 15 ATIRE RUNNER BAND BLACK SM","0"
"1282","32505332","002032-505332","2025-03-20","140051","355/65 - 15 (9.75) ATIRE ROCK SOLID  BLACK STD","0"
"1283","32505333","002032-505333","2025-03-20","103042","16 x 6 - 8 (4.33) ATIRE RUNNER SOLID  BLACK CLIP","0"
"1284","32505334","002032-505334","2025-03-20","103042","16 x 6 - 8 (4.33) ATIRE RUNNER SOLID  BLACK CLIP","0"
"1285","32505335","002032-505335","2025-03-20","104041","18 x 7 - 8 (4.33) ATIRE RUNNER SOLID  BLACK STD","0"
"1286","32505336","002032-505336","2025-03-20","104044","18 x 7 - 8 (4.33) ATIRE RUNNER SOLID  NM CLIP","0"
"1287","32505337","002032-505337","2025-03-20","104044","18 x 7 - 8 (4.33) ATIRE RUNNER SOLID  NM CLIP","0"
"1288","32505338","002032-505338","2025-03-20","710074","16 x 5 x 10 1/2 ATIRE RUNNER BAND NM TR","0"
"1289","32505339","002032-505339","2025-03-20","711074","16 x 6 x 10 1/2 ATIRE RUNNER BAND NM TR","0"
"1290","32505340","002032-505340","2025-03-20","170051","14.00 - 24  (10.00) ATIRE ROCK SOLID BLACK STD","0"
"1291","32505341","002032-505341","2025-03-20","135053","8.15 - 15 (28 x 9 - 15) (7.00) ATIRE ROCK SOLID  NM STD","0"
"1292","32505342","002032-505342","2025-03-20","135053","8.15 - 15 (28 x 9 - 15) (7.00) ATIRE ROCK SOLID  NM STD","0"
"1293","32505343","002032-505343","2025-03-20","715072","18 x 7 x 12 1/8 ATIRE RUNNER BAND BLACK TR","0"
"1294","32505344","002032-505344","2025-03-20","716074","18 x 8 x 12 1/8 ATIRE RUNNER BAND NM TR","0"
"1295","32505345","002032-505345","2025-03-20","720072","21 x 8 x 15 ATIRE RUNNER BAND BLACK TR","0"
"1296","32505346","002032-505346","2025-03-20","178044","355/50 - 15 (9.75) ATIRE RUNNER SOLID NM CLIP","0"
"1297","32505347","002032-505347","2025-03-20","155051","12.00 - 20 (8.00) ATIRE ROCK SOLID  BLACK STD","0"
"1298","32505348","002032-505348","2025-03-20","110012","140/55 x 9 (4.00)  ACHIEVER PLUS BLACK CLIP","0"
"1299","32505349","002032-505349","2025-03-20","102241","5.00 - 8 (3.00) ACHIEVER  (WIDE) BLACK STD","0"
"1300","32505350","002032-505350","2025-03-20","102241","5.00 - 8 (3.00) ACHIEVER  (WIDE) BLACK STD","0"
"1301","32505351","002032-505351","2025-03-20","103161","16 x 6 - 8 (4.33)  ACHIEVER PLUS (WIDE) BLACK STD","0"
"1302","32505352","002032-505352","2025-03-20","103161","16 x 6 - 8 (4.33)  ACHIEVER PLUS (WIDE) BLACK STD","0"
"1303","32505353","002032-505353","2025-03-20","111161","6.00 - 9 (4.00) ACHIEVER PLUS (WIDE) BLACK STD","0"
"1304","32505354","002032-505354","2025-03-20","111161","6.00 - 9 (4.00) ACHIEVER PLUS (WIDE) BLACK STD","0"
"1305","32505355","002032-505355","2025-03-20","111161","6.00 - 9 (4.00) ACHIEVER PLUS (WIDE) BLACK STD","0"
"1306","32505356","002032-505356","2025-03-20","112162","21 x 8 - 9 (6.00)  ACHIEVER PLUS (WIDE) BLACK CLIP","0"
"1307","32505357","002032-505357","2025-03-20","118012","200/50 - 10 (6.50)  ACHIEVER PLUS BLACK CLIP","0"
"1308","32505358","002032-505358","2025-03-20","118012","200/50 - 10 (6.50)  ACHIEVER PLUS BLACK CLIP","0"
"1309","32505359","002032-505359","2025-03-20","125011","7.00 - 12 (5.00)  ACHIEVER PLUS BLACK STD","0"
"1310","32505360","002032-505360","2025-03-20","125011","7.00 - 12 (5.00)  ACHIEVER PLUS BLACK STD","0"
"1311","32505361","002032-505361","2025-03-20","125011","7.00 - 12 (5.00)  ACHIEVER PLUS BLACK STD","0"
"1312","32505362","002032-505362","2025-03-20","125011","7.00 - 12 (5.00)  ACHIEVER PLUS BLACK STD","0"
"1313","32505363","002032-505363","2025-03-20","712073","16 x 7 x 10 1/2 ATIRE RUNNER BAND NM SM","0"
"1314","32505364","002032-505364","2025-03-20","720071","21 x 8 x 15 ATIRE RUNNER BAND BLACK SM","0"
"1315","32505365","002032-505365","2025-03-20","720071","21 x 8 x 15 ATIRE RUNNER BAND BLACK SM","0"
"1316","32505366","002032-505366","2025-03-20","714071","18 x 6 x 12 1/8 ATIRE RUNNER BAND BLACK SM","0"
"1317","32505367","002032-505367","2025-03-20","708071","16 1/4 x 5 x 11 1/4 ATIRE RUNNER BAND BLACK SM","0"
"1318","32505368","002032-505368","2025-03-20","710074","16 x 5 x 10 1/2 ATIRE RUNNER BAND NM TR","0"
"1319","32505369","002032-505369","2025-03-20","711074","16 x 6 x 10 1/2 ATIRE RUNNER BAND NM TR","0"
"1320","32505370","002032-505370","2025-03-20","119042","6.50 - 10 (5.00) ATIRE RUNNER SOLID  BLACK CLIP","0"
"1321","32505371","002032-505371","2025-03-20","119043","6.50 - 10 (5.00) ATIRE RUNNER SOLID  NM STD","0"
"1322","32505372","002032-505372","2025-03-20","119043","6.50 - 10 (5.00) ATIRE RUNNER SOLID  NM STD","0"
"1323","32505373","002032-505373","2025-03-20","125042","7.00 - 12 (5.00) ATIRE RUNNER SOLID  BLACK CLIP","0"
"1324","32505374","002032-505374","2025-03-20","125042","7.00 - 12 (5.00) ATIRE RUNNER SOLID  BLACK CLIP","0"
"1325","32505375","002032-505375","2025-03-20","125041","7.00 - 12 (5.00) ATIRE RUNNER SOLID  BLACK STD","0"
"1326","32505376","002032-505376","2025-03-20","126041","23 x 10 - 12 (8.00) ATIRE RUNNER SOLID  BLACK STD","0"
"1327","32505377","002032-505377","2025-03-20","103042","16 x 6 - 8 (4.33) ATIRE RUNNER SOLID  BLACK CLIP","0"
"1328","32505378","002032-505378","2025-03-20","103042","16 x 6 - 8 (4.33) ATIRE RUNNER SOLID  BLACK CLIP","0"
"1329","32505379","002032-505379","2025-03-20","104041","18 x 7 - 8 (4.33) ATIRE RUNNER SOLID  BLACK STD","0"
"1330","32505380","002032-505380","2025-03-20","104044","18 x 7 - 8 (4.33) ATIRE RUNNER SOLID  NM CLIP","0"
"1331","32505381","002032-505381","2025-03-20","104044","18 x 7 - 8 (4.33) ATIRE RUNNER SOLID  NM CLIP","0"
"1332","32505382","002032-505382","2025-03-20","715072","18 x 7 x 12 1/8 ATIRE RUNNER BAND BLACK TR","0"
"1333","32505383","002032-505383","2025-03-20","716074","18 x 8 x 12 1/8 ATIRE RUNNER BAND NM TR","0"
"1334","32505384","002032-505384","2025-03-20","720072","21 x 8 x 15 ATIRE RUNNER BAND BLACK TR","0"
"1335","32505385","002032-505385","2025-03-20","110012","140/55 x 9 (4.00)  ACHIEVER PLUS BLACK CLIP","0"
"1336","32505386","002032-505386","2025-03-20","102241","5.00 - 8 (3.00) ACHIEVER  (WIDE) BLACK STD","0"
"1337","32505387","002032-505387","2025-03-20","102241","5.00 - 8 (3.00) ACHIEVER  (WIDE) BLACK STD","0"
"1338","32505388","002032-505388","2025-03-20","103042","16 x 6 - 8 (4.33) ATIRE RUNNER SOLID  BLACK CLIP","0"
"1339","32505389","002032-505389","2025-03-20","103042","16 x 6 - 8 (4.33) ATIRE RUNNER SOLID  BLACK CLIP","0"
"1340","32505390","002032-505390","2025-03-20","104041","18 x 7 - 8 (4.33) ATIRE RUNNER SOLID  BLACK STD","0"
"1341","32505391","002032-505391","2025-03-20","104042","18 x 7 - 8 (4.33) ATIRE RUNNER SOLID  BLACK CLIP","0"
"1342","32505392","002032-505392","2025-03-20","104042","18 x 7 - 8 (4.33) ATIRE RUNNER SOLID  BLACK CLIP","0"
"1343","32505393","002032-505393","2025-03-20","135053","8.15 - 15 (28 x 9 - 15) (7.00) ATIRE ROCK SOLID  NM STD","0"
"1344","32505394","002032-505394","2025-03-20","135053","8.15 - 15 (28 x 9 - 15) (7.00) ATIRE ROCK SOLID  NM STD","0"
"1345","32505395","002032-505395","2025-03-20","712073","16 x 7 x 10 1/2 ATIRE RUNNER BAND NM SM","0"
"1346","32505396","002032-505396","2025-03-20","720073","21 x 8 x 15 ATIRE RUNNER BAND NM SM","0"
"1347","32505397","002032-505397","2025-03-20","720073","21 x 8 x 15 ATIRE RUNNER BAND NM SM","0"
"1348","32505398","002032-505398","2025-03-20","714073","18 x 6 x 12 1/8 ATIRE RUNNER BAND NM SM","0"
"1349","32505399","002032-505399","2025-03-20","708073","16 1/4 x 5 x 11 1/4 ATIRE RUNNER BAND NM SM","0"
"1350","32505400","002032-505400","2025-03-20","710074","16 x 5 x 10 1/2 ATIRE RUNNER BAND NM TR","0"
"1351","32505401","002032-505401","2025-03-20","711074","16 x 6 x 10 1/2 ATIRE RUNNER BAND NM TR","0"
"1352","32505402","002032-505402","2025-03-20","112162","21 x 8 - 9 (6.00)  ACHIEVER PLUS (WIDE) BLACK CLIP","0"
"1353","32505403","002032-505403","2025-03-20","118012","200/50 - 10 (6.50)  ACHIEVER PLUS BLACK CLIP","0"
"1354","32505404","002032-505404","2025-03-20","118012","200/50 - 10 (6.50)  ACHIEVER PLUS BLACK CLIP","0"
"1355","32505405","002032-505405","2025-03-20","140051","355/65 - 15 (9.75) ATIRE ROCK SOLID  BLACK STD","0"
"1356","32505406","002032-505406","2025-03-20","103163","16 x 6 - 8 (4.33)  ACHIEVER PLUS (WIDE) NM STD","0"
"1357","32505407","002032-505407","2025-03-20","103163","16 x 6 - 8 (4.33)  ACHIEVER PLUS (WIDE) NM STD","0"
"1358","32505408","002032-505408","2025-03-20","111161","6.00 - 9 (4.00) ACHIEVER PLUS (WIDE) BLACK STD","0"
"1359","32505409","002032-505409","2025-03-20","111161","6.00 - 9 (4.00) ACHIEVER PLUS (WIDE) BLACK STD","0"
"1360","32505410","002032-505410","2025-03-20","111161","6.00 - 9 (4.00) ACHIEVER PLUS (WIDE) BLACK STD","0"
"1361","32505411","002032-505411","2025-03-20","119042","6.50 - 10 (5.00) ATIRE RUNNER SOLID  BLACK CLIP","0"
"1362","32505412","002032-505412","2025-03-20","119043","6.50 - 10 (5.00) ATIRE RUNNER SOLID  NM STD","0"
"1363","32505413","002032-505413","2025-03-20","119043","6.50 - 10 (5.00) ATIRE RUNNER SOLID  NM STD","0"
"1364","32505414","002032-505414","2025-03-20","125042","7.00 - 12 (5.00) ATIRE RUNNER SOLID  BLACK CLIP","0"
"1365","32505415","002032-505415","2025-03-20","125042","7.00 - 12 (5.00) ATIRE RUNNER SOLID  BLACK CLIP","0"
"1366","32505416","002032-505416","2025-03-20","125041","7.00 - 12 (5.00) ATIRE RUNNER SOLID  BLACK STD","0"
"1367","32505417","002032-505417","2025-03-20","178042","355/50 - 15 (9.75) ATIRE RUNNER SOLID BLACK CLIP","0"
"1368","32505418","002032-505418","2025-03-20","125011","7.00 - 12 (5.00)  ACHIEVER PLUS BLACK STD","0"
"1369","32505419","002032-505419","2025-03-20","125011","7.00 - 12 (5.00)  ACHIEVER PLUS BLACK STD","0"
"1370","32505420","002032-505420","2025-03-20","125011","7.00 - 12 (5.00)  ACHIEVER PLUS BLACK STD","0"
"1371","32505421","002032-505421","2025-03-20","125011","7.00 - 12 (5.00)  ACHIEVER PLUS BLACK STD","0"
"1372","32505422","002032-505422","2025-03-20","126041","23 x 10 - 12 (8.00) ATIRE RUNNER SOLID  BLACK STD","0"
"1373","32505423","002032-505423","2025-03-20","715072","18 x 7 x 12 1/8 ATIRE RUNNER BAND BLACK TR","0"
"1374","32505424","002032-505424","2025-03-20","716074","18 x 8 x 12 1/8 ATIRE RUNNER BAND NM TR","0"
"1375","32505425","002032-505425","2025-03-20","720072","21 x 8 x 15 ATIRE RUNNER BAND BLACK TR","0"
"1376","32505426","002032-505426","2025-03-20","110012","140/55 x 9 (4.00)  ACHIEVER PLUS BLACK CLIP","0"
"1377","32505427","002032-505427","2025-03-20","102241","5.00 - 8 (3.00) ACHIEVER  (WIDE) BLACK STD","0"
"1378","32505428","002032-505428","2025-03-20","102241","5.00 - 8 (3.00) ACHIEVER  (WIDE) BLACK STD","0"
"1379","32505429","002032-505429","2025-03-20","155051","12.00 - 20 (8.00) ATIRE ROCK SOLID  BLACK STD","0"
"1380","32505430","002032-505430","2025-03-20","714073","18 x 6 x 12 1/8 ATIRE RUNNER BAND NM SM","0"
"1381","32505431","002032-505431","2025-03-20","708073","16 1/4 x 5 x 11 1/4 ATIRE RUNNER BAND NM SM","0"
"1382","32505432","002032-505432","2025-03-20","710074","16 x 5 x 10 1/2 ATIRE RUNNER BAND NM TR","0"
"1383","32505433","002032-505433","2025-03-20","711074","16 x 6 x 10 1/2 ATIRE RUNNER BAND NM TR","0"
"1384","32505434","002032-505434","2025-03-20","712073","16 x 7 x 10 1/2 ATIRE RUNNER BAND NM SM","0"
"1385","32505435","002032-505435","2025-03-20","720073","21 x 8 x 15 ATIRE RUNNER BAND NM SM","0"
"1386","32505436","002032-505436","2025-03-20","720073","21 x 8 x 15 ATIRE RUNNER BAND NM SM","0"
"1387","32505437","002032-505437","2025-03-20","103163","16 x 6 - 8 (4.33)  ACHIEVER PLUS (WIDE) NM STD","0"
"1388","32505438","002032-505438","2025-03-20","103163","16 x 6 - 8 (4.33)  ACHIEVER PLUS (WIDE) NM STD","0"
"1389","32505439","002032-505439","2025-03-20","111161","6.00 - 9 (4.00) ACHIEVER PLUS (WIDE) BLACK STD","0"
"1390","32505440","002032-505440","2025-03-20","111161","6.00 - 9 (4.00) ACHIEVER PLUS (WIDE) BLACK STD","0"
"1391","32505441","002032-505441","2025-03-20","111161","6.00 - 9 (4.00) ACHIEVER PLUS (WIDE) BLACK STD","0"
"1392","32505442","002032-505442","2025-03-20","103042","16 x 6 - 8 (4.33) ATIRE RUNNER SOLID  BLACK CLIP","0"
"1393","32505443","002032-505443","2025-03-20","103042","16 x 6 - 8 (4.33) ATIRE RUNNER SOLID  BLACK CLIP","0"
"1394","32505444","002032-505444","2025-03-20","104041","18 x 7 - 8 (4.33) ATIRE RUNNER SOLID  BLACK STD","0"
"1395","32505445","002032-505445","2025-03-20","104042","18 x 7 - 8 (4.33) ATIRE RUNNER SOLID  BLACK CLIP","0"
"1396","32505446","002032-505446","2025-03-20","104042","18 x 7 - 8 (4.33) ATIRE RUNNER SOLID  BLACK CLIP","0"
"1397","32505447","002032-505447","2025-03-20","170051","14.00 - 24  (10.00) ATIRE ROCK SOLID BLACK STD","0"
"1398","32505448","002032-505448","2025-03-20","112162","21 x 8 - 9 (6.00)  ACHIEVER PLUS (WIDE) BLACK CLIP","0"
"1399","32505449","002032-505449","2025-03-20","118012","200/50 - 10 (6.50)  ACHIEVER PLUS BLACK CLIP","0"
"1400","32505450","002032-505450","2025-03-20","118012","200/50 - 10 (6.50)  ACHIEVER PLUS BLACK CLIP","0"
"1401","32505451","002032-505451","2025-03-20","135053","8.15 - 15 (28 x 9 - 15) (7.00) ATIRE ROCK SOLID  NM STD","0"
"1402","32505452","002032-505452","2025-03-20","135053","8.15 - 15 (28 x 9 - 15) (7.00) ATIRE ROCK SOLID  NM STD","0"
"1403","32505453","002032-505453","2025-03-20","119042","6.50 - 10 (5.00) ATIRE RUNNER SOLID  BLACK CLIP","0"
"1404","32505454","002032-505454","2025-03-20","119043","6.50 - 10 (5.00) ATIRE RUNNER SOLID  NM STD","0"
"1405","32505455","002032-505455","2025-03-20","119043","6.50 - 10 (5.00) ATIRE RUNNER SOLID  NM STD","0"
"1406","32505456","002032-505456","2025-03-20","125042","7.00 - 12 (5.00) ATIRE RUNNER SOLID  BLACK CLIP","0"
"1407","32505457","002032-505457","2025-03-20","125042","7.00 - 12 (5.00) ATIRE RUNNER SOLID  BLACK CLIP","0"
"1408","32505458","002032-505458","2025-03-20","125041","7.00 - 12 (5.00) ATIRE RUNNER SOLID  BLACK STD","0"
"1409","32505463","002032-505463","2025-03-20","110012","140/55 x 9 (4.00)  ACHIEVER PLUS BLACK CLIP","0"
"1410","32505464","002032-505464","2025-03-20","102241","5.00 - 8 (3.00) ACHIEVER  (WIDE) BLACK STD","0"
"1411","32505465","002032-505465","2025-03-20","102241","5.00 - 8 (3.00) ACHIEVER  (WIDE) BLACK STD","0"
"1412","32505466","002032-505466","2025-03-20","715072","18 x 7 x 12 1/8 ATIRE RUNNER BAND BLACK TR","0"
"1413","32505467","002032-505467","2025-03-20","716074","18 x 8 x 12 1/8 ATIRE RUNNER BAND NM TR","0"
"1414","32505468","002032-505468","2025-03-20","720072","21 x 8 x 15 ATIRE RUNNER BAND BLACK TR","0"
"1415","32505469","002032-505469","2025-03-20","714073","18 x 6 x 12 1/8 ATIRE RUNNER BAND NM SM","0"
"1416","32505470","002032-505470","2025-03-20","708073","16 1/4 x 5 x 11 1/4 ATIRE RUNNER BAND NM SM","0"
"1417","32505471","002032-505471","2025-03-20","710074","16 x 5 x 10 1/2 ATIRE RUNNER BAND NM TR","0"
"1418","32505472","002032-505472","2025-03-20","711074","16 x 6 x 10 1/2 ATIRE RUNNER BAND NM TR","0"
"1419","32505473","002032-505473","2025-03-20","178042","355/50 - 15 (9.75) ATIRE RUNNER SOLID BLACK CLIP","0"
"1420","32505474","002032-505474","2025-03-20","126041","23 x 10 - 12 (8.00) ATIRE RUNNER SOLID  BLACK STD","0"
"1421","32505475","002032-505475","2025-03-20","720073","21 x 8 x 15 ATIRE RUNNER BAND NM SM","0"
"1422","32505476","002032-505476","2025-03-20","720073","21 x 8 x 15 ATIRE RUNNER BAND NM SM","0"
"1423","32505477","002032-505477","2025-03-20","104042","18 x 7 - 8 (4.33) ATIRE RUNNER SOLID  BLACK CLIP","0"
"1424","32505478","002032-505478","2025-03-20","103042","16 x 6 - 8 (4.33) ATIRE RUNNER SOLID  BLACK CLIP","0"
"1425","32505479","002032-505479","2025-03-20","103042","16 x 6 - 8 (4.33) ATIRE RUNNER SOLID  BLACK CLIP","0"
"1426","32505480","002032-505480","2025-03-20","104041","18 x 7 - 8 (4.33) ATIRE RUNNER SOLID  BLACK STD","0"
"1427","32505481","002032-505481","2025-03-20","104042","18 x 7 - 8 (4.33) ATIRE RUNNER SOLID  BLACK CLIP","0"
"1428","32505482","002032-505482","2025-03-20","111161","6.00 - 9 (4.00) ACHIEVER PLUS (WIDE) BLACK STD","0"
"1429","32505483","002032-505483","2025-03-20","103163","16 x 6 - 8 (4.33)  ACHIEVER PLUS (WIDE) NM STD","0"
"1430","32505484","002032-505484","2025-03-20","103163","16 x 6 - 8 (4.33)  ACHIEVER PLUS (WIDE) NM STD","0"
"1431","32505485","002032-505485","2025-03-20","111161","6.00 - 9 (4.00) ACHIEVER PLUS (WIDE) BLACK STD","0"
"1432","32505486","002032-505486","2025-03-20","111161","6.00 - 9 (4.00) ACHIEVER PLUS (WIDE) BLACK STD","0"
"1433","32505487","002032-505487","2025-03-20","110012","140/55 x 9 (4.00)  ACHIEVER PLUS BLACK CLIP","0"
"1434","32505488","002032-505488","2025-03-20","102241","5.00 - 8 (3.00) ACHIEVER  (WIDE) BLACK STD","0"
"1435","32505489","002032-505489","2025-03-20","102241","5.00 - 8 (3.00) ACHIEVER  (WIDE) BLACK STD","0"
"1436","32505490","002032-505490","2025-03-20","112162","21 x 8 - 9 (6.00)  ACHIEVER PLUS (WIDE) BLACK CLIP","0"
"1437","32505491","002032-505491","2025-03-20","118012","200/50 - 10 (6.50)  ACHIEVER PLUS BLACK CLIP","0"
"1438","32505492","002032-505492","2025-03-20","118012","200/50 - 10 (6.50)  ACHIEVER PLUS BLACK CLIP","0"
"1439","32505493","002032-505493","2025-03-20","119042","6.50 - 10 (5.00) ATIRE RUNNER SOLID  BLACK CLIP","0"
"1440","32505494","002032-505494","2025-03-20","119043","6.50 - 10 (5.00) ATIRE RUNNER SOLID  NM STD","0"
"1441","32505495","002032-505495","2025-03-20","119043","6.50 - 10 (5.00) ATIRE RUNNER SOLID  NM STD","0"
"1442","32505496","002032-505496","2025-03-20","714073","18 x 6 x 12 1/8 ATIRE RUNNER BAND NM SM","0"
"1443","32505497","002032-505497","2025-03-20","708073","16 1/4 x 5 x 11 1/4 ATIRE RUNNER BAND NM SM","0"
"1444","32505498","002032-505498","2025-03-20","710074","16 x 5 x 10 1/2 ATIRE RUNNER BAND NM TR","0"
"1445","32505499","002032-505499","2025-03-20","711074","16 x 6 x 10 1/2 ATIRE RUNNER BAND NM TR","0"
"1446","32505500","002032-505500","2025-03-20","715072","18 x 7 x 12 1/8 ATIRE RUNNER BAND BLACK TR","0"
"1447","32505501","002032-505501","2025-03-20","716074","18 x 8 x 12 1/8 ATIRE RUNNER BAND NM TR","0"
"1448","32505502","002032-505502","2025-03-20","720072","21 x 8 x 15 ATIRE RUNNER BAND BLACK TR","0"
"1449","32505503","002032-505503","2025-03-20","125042","7.00 - 12 (5.00) ATIRE RUNNER SOLID  BLACK CLIP","0"
"1450","32505504","002032-505504","2025-03-20","125042","7.00 - 12 (5.00) ATIRE RUNNER SOLID  BLACK CLIP","0"
"1451","32505505","002032-505505","2025-03-20","125041","7.00 - 12 (5.00) ATIRE RUNNER SOLID  BLACK STD","0"
"1452","32505506","002032-505506","2025-03-20","103042","16 x 6 - 8 (4.33) ATIRE RUNNER SOLID  BLACK CLIP","0"
"1453","32505507","002032-505507","2025-03-20","103042","16 x 6 - 8 (4.33) ATIRE RUNNER SOLID  BLACK CLIP","0"
"1454","32505508","002032-505508","2025-03-20","104041","18 x 7 - 8 (4.33) ATIRE RUNNER SOLID  BLACK STD","0"
"1455","32505509","002032-505509","2025-03-20","104042","18 x 7 - 8 (4.33) ATIRE RUNNER SOLID  BLACK CLIP","0"
"1456","32505510","002032-505510","2025-03-20","104042","18 x 7 - 8 (4.33) ATIRE RUNNER SOLID  BLACK CLIP","0"
"1457","32505511","002032-505511","2025-03-20","135053","8.15 - 15 (28 x 9 - 15) (7.00) ATIRE ROCK SOLID  NM STD","0"
"1458","32505512","002032-505512","2025-03-20","135053","8.15 - 15 (28 x 9 - 15) (7.00) ATIRE ROCK SOLID  NM STD","0"
"1459","32505513","002032-505513","2025-03-20","103163","16 x 6 - 8 (4.33)  ACHIEVER PLUS (WIDE) NM STD","0"
"1460","32505514","002032-505514","2025-03-20","103163","16 x 6 - 8 (4.33)  ACHIEVER PLUS (WIDE) NM STD","0"
"1461","32505515","002032-505515","2025-03-20","111161","6.00 - 9 (4.00) ACHIEVER PLUS (WIDE) BLACK STD","0"
"1462","32505516","002032-505516","2025-03-20","111161","6.00 - 9 (4.00) ACHIEVER PLUS (WIDE) BLACK STD","0"
"1463","32505517","002032-505517","2025-03-20","111161","6.00 - 9 (4.00) ACHIEVER PLUS (WIDE) BLACK STD","0"
"1464","32505518","002032-505518","2025-03-20","720073","21 x 8 x 15 ATIRE RUNNER BAND NM SM","0"
"1465","32505519","002032-505519","2025-03-20","720073","21 x 8 x 15 ATIRE RUNNER BAND NM SM","0"
"1468","0","32505032","2025-03-19","738073","28 x 12 x 22 ATIRE RUNNER BAND NM SM","0"
